<?xml version="1.0" encoding="UTF-8"?>
<beans xmlns="http://www.springframework.org/schema/beans"
	xmlns:xsi="http://www.w3.org/2001/XMLSchema-instance" xmlns:security="http://www.springframework.org/schema/security"
	xmlns:context="http://www.springframework.org/schema/context"
	xsi:schemaLocation="http://www.springframework.org/schema/security http://www.springframework.org/schema/security/spring-security-3.2.xsd
		http://www.springframework.org/schema/beans http://www.springframework.org/schema/beans/spring-beans.xsd
		http://www.springframework.org/schema/context http://www.springframework.org/schema/context/spring-context-4.0.xsd">

	<security:http pattern="/login" security="none" />


	<security:http use-expressions="true">
		<security:intercept-url pattern="/**"
			access="hasRole('EMP')" />
		<!-- <security:http auto-config="true"> <security:intercept-url pattern="/**" 
			access="ROLE_ADMIN" /> -->

		<security:form-login login-page="/login"
			default-target-url="/" authentication-failure-url="/login" />

		<security:logout logout-url="/logout"
			logout-success-url="/" />
	</security:http>

	<bean
		class="org.springframework.web.servlet.mvc.method.annotation.RequestMappingHandlerAdapter">
		<property name="cacheSeconds" value="0" />
	</bean>

	<security:authentication-manager>
		<security:authentication-provider>
			<security:jdbc-user-service
				data-source-ref="dataSource"
				authorities-by-username-query="SELECT username, authority from authorities_info WHERE username = ?"
				users-by-username-query="SELECT username, password, enabled FROM emp_info2 WHERE username = ?" />
		</security:authentication-provider>
	</security:authentication-manager>

</beans>
